{
   "test":{
      "Bleu_1":0.08071331142873558,
      "Bleu_2":0.03572263827500704,
      "Bleu_3":0.014612588279454556,
      "Bleu_4":0.0070246113102771825,
      "METEOR":0.04231112878022629,
      "ROUGE_L":0.1579420876119307,
      "CIDEr":0.030577126748258573,
      "SPICE":0.04666084724896195
   }
}