{
   "test":{
      "Bleu_1":0.22442211282373517,
      "Bleu_2":0.11403693142953487,
      "Bleu_3":0.058712901083803296,
      "Bleu_4":0.03041101206434283,
      "METEOR":0.06838544331393283,
      "ROUGE_L":0.20069133592739857,
      "CIDEr":0.08560668564550138,
      "SPICE":0.05859645146017782
   }
}